Question,Correct answer,,Chat GPT 4o,Chat GPT 4,Gemini Advance,,Exam set and course,Table,Figur,,General promt
1,A,,A,A,C,,Spring 2023 ML,1,1,,"Answer the attached exam question for a machine learning and data mining course. The question contains all relevant information. Answer the question using your knowledge. Explain your reasoning for the correct answer and after it is important to give the correct answer as A, B, C or D."
2,A,,A,A,A,,Spring 2023 ML,0,0,,
3,B,,B,C,D,,Spring 2023 ML,1,0,,
4,D,,B,C,D,,Spring 2023 ML,0,0,,Statistic prompt
5,C,,C,D,A,,Spring 2023 ML,1,0,,"Answer the attached exam question for a machine learning and data mining course. The question contains all relevant information. Answer the question using your knowledge. Explain your reasoning for the correct answer and after it is important to give the correct answer as 1, 2, 3, 4 or 5."
6,D,,B,B,C,,Spring 2023 ML,1,0,,
7,B,,B,D,B,,Spring 2023 ML,1,1,,
8,B,,A,B,A,,Spring 2023 ML,1,0,,
9,A,,A,E,E,,Spring 2023 ML,0,0,,
10,C,,C,C,A,,Spring 2023 ML,1,0,,
11,C,,C,C,C,,Spring 2023 ML,1,0,,
12,A,,A,D,D,,Spring 2023 ML,1,0,,
13,A,,A,D,C,,Spring 2023 ML,1,1,,
14,B,,D,B,B,,Spring 2023 ML,0,0,,
15,B,,C,A,C,,Spring 2023 ML,0,1,,
16,C,,C,C,A,,Spring 2023 ML,0,0,,
17,B,,D,D,D,,Spring 2023 ML,0,0,,
18,C,,A,C,A,,Spring 2023 ML,0,0,,
19,D,,D,D,A,,Spring 2023 ML,1,0,,
20,C,,C,C,C,,Spring 2023 ML,0,1,,
21,D,,A,A,B,,Spring 2023 ML,1,1,,
22,D,,D,D,D,,Spring 2023 ML,0,0,,
23,A,,A,A,A,,Spring 2023 ML,0,1,,
24,B,,B,D,C,,Spring 2023 ML,1,0,,
25,C,,D,B,A,,Spring 2023 ML,0,1,,
26,C,,D,C,C,,Spring 2023 ML,1,0,,
27,D,,D,D,B,,Spring 2023 ML,0,1,,
1,B,,A,D,B,,Spring 2024 ML,1,1,,
2,A,,A,A,A,,Spring 2024 ML,,,,
3,B,,A,E,D,,Spring 2024 ML,,,,
4,D,,D,D,A,,Spring 2024 ML,,,,
5,A,,C,A,A,,Spring 2024 ML,,,,
6,D,,D,D,D,,Spring 2024 ML,,,,
7,B,,C,A,A,,Spring 2024 ML,,,,
8,D,,A,A,B,,Spring 2024 ML,,,,
9,D,,B,C,B,,Spring 2024 ML,,,,
10,C,,C,A,D,,Spring 2024 ML,,,,
11,C,,C,C,A,,Spring 2024 ML,,,,
12,B,,C,C,B,,Spring 2024 ML,,,,
13,A,,A,A,A,,Spring 2024 ML,,,,
14,C,,B,E,C,,Spring 2024 ML,,,,
15,C,,C,C,C,,Spring 2024 ML,,,,
16,A,,A,B,A,,Spring 2024 ML,,,,
17,B,,C,B,C,,Spring 2024 ML,,,,
18,C,,D,C,D,,Spring 2024 ML,,,,
19,D,,C,D,C,,Spring 2024 ML,,,,
20,C,,D,C,B,,Spring 2024 ML,,,,
21,D,,C,B,C,,Spring 2024 ML,,,,
22,C,,B,C,B,,Spring 2024 ML,,,,
23,A,,A,D,C,,Spring 2024 ML,,,,
24,B,,B,E,C,,Spring 2024 ML,,,,
25,C,,C,D,D,,Spring 2024 ML,,,,
26,A,,A,A,C,,Spring 2024 ML,,,,
27,D,,C,B,C,,Spring 2024 ML,,,,
1,C,,A,B,D,,Fall 2023 ML,,,,
2,B,,D,D,A,,Fall 2023 ML,,,,
3,A,,C,E,B,,Fall 2023 ML,,,,
4,D,,C,D,D,,Fall 2023 ML,,,,
5,A,,A,D,A,,Fall 2023 ML,,,,
6,D,,B,D,D,,Fall 2023 ML,,,,
7,C,,C,D,B,,Fall 2023 ML,,,,
8,A,,A,A,D,,Fall 2023 ML,,,,
9,B,,D,D,C,,Fall 2023 ML,,,,
10,A,,A,A,A,,Fall 2023 ML,,,,
11,A,,A,A,A,,Fall 2023 ML,,,,
12,B,,B,C,A,,Fall 2023 ML,,,,
13,C,,C,C,C,,Fall 2023 ML,,,,
14,B,,B,C,D,,Fall 2023 ML,,,,
15,C,,B,D,D,,Fall 2023 ML,,,,
16,C,,A,A,D,,Fall 2023 ML,,,,
17,A,,C,C,C,,Fall 2023 ML,,,,
18,B,,C,B,C,,Fall 2023 ML,,,,
19,D,,D,C,D,,Fall 2023 ML,,,,
20,D,,A,D,B,,Fall 2023 ML,,,,
21,B,,B,B,C,,Fall 2023 ML,,,,
22,C,,B,B,A,,Fall 2023 ML,,,,
23,D,,D,D,C,,Fall 2023 ML,,,,
24,D,,A,C,D,,Fall 2023 ML,,,,
25,B,,B,B,B,,Fall 2023 ML,,,,
26,C,,D,D,D,,Fall 2023 ML,,,,
27,A,,A,D,C,,Fall 2023 ML,,,,
1,1,,1,1,1,,Spring 2024 ST,,,,
2,1,,1,1,1,,Spring 2024 ST,,,,
3,5,,5,5,5,,Spring 2024 ST,,,,
4,5,,5,5,5,,Spring 2024 ST,,,,
5,3,,3,3,2,,Spring 2024 ST,,,,
6,1,,1,1,2,,Spring 2024 ST,,,,
7,1,,E,1,1,,Spring 2024 ST,,,,
8,2,,2,2,3,,Spring 2024 ST,,,,
9,2,,2,4,4,,Spring 2024 ST,,,,
10,1,,1,1,1,,Spring 2024 ST,,,,
11,4,,4,4,4,,Spring 2024 ST,,,,
12,4,,4,4,5,,Spring 2024 ST,,,,
13,4,,3,4,3,,Spring 2024 ST,,,,
14,3,,3,3,3,,Spring 2024 ST,,,,
15,1,,1,1,1,,Spring 2024 ST,,,,
16,4,,4,4,4,,Spring 2024 ST,,,,
17,4,,5,4,5,,Spring 2024 ST,,,,
18,5,,5,2,5,,Spring 2024 ST,,,,
19,2,,2,2,2,,Spring 2024 ST,,,,
20,3,,3,5,2,,Spring 2024 ST,,,,
21,3,,3,3,3,,Spring 2024 ST,,,,
22,3,,3,3,3,,Spring 2024 ST,,,,
23,2,,2,3,3,,Spring 2024 ST,,,,
24,4,,4,4,3,,Spring 2024 ST,,,,
25,3,,3,3,3,,Spring 2024 ST,,,,
26,4,,2,4,2,,Spring 2024 ST,,,,
27,2,,2,4,2,,Spring 2024 ST,,,,
28,4,,4,5,5,,Spring 2024 ST,,,,
29,5,,4,3,4,,Spring 2024 ST,,,,
30,4,,3,4,3,,Spring 2024 ST,,,,
1,5,,5,1,3,,Fall 2023 ST,,,,
2,2,,2,2,2,,Fall 2023 ST,,,,
3,2,,2,3,2,,Fall 2023 ST,,,,
4,4,,3,5,E,,Fall 2023 ST,,,,
5,3,,3,3,3,,Fall 2023 ST,,,,
6,5,,1,4,1,,Fall 2023 ST,,,,
7,4,,4,4,4,,Fall 2023 ST,,,,
8,5,,5,5,4,,Fall 2023 ST,,,,
9,3,,3,2,3,,Fall 2023 ST,,,,
10,5,,5,5,5,,Fall 2023 ST,,,,
11,1,,1,1,1,,Fall 2023 ST,,,,
12,5,,5,E,5,,Fall 2023 ST,,,,
13,3,,4,2,3,,Fall 2023 ST,,,,
14,5,,5,5,5,,Fall 2023 ST,,,,
15,1,,3,5,1,,Fall 2023 ST,,,,
16,1,,1,1,1,,Fall 2023 ST,,,,
17,5,,5,4,2,,Fall 2023 ST,,,,
18,4,,4,4,4,,Fall 2023 ST,,,,
19,4,,5,5,5,,Fall 2023 ST,,,,
20,3,,3,3,2,,Fall 2023 ST,,,,
21,1,,1,1,2,,Fall 2023 ST,,,,
22,3,,3,3,3,,Fall 2023 ST,,,,
23,3,,3,4,3,,Fall 2023 ST,,,,
24,3,,3,3,5,,Fall 2023 ST,,,,
25,2,,2,2,4,,Fall 2023 ST,,,,
26,1,,1,1,1,,Fall 2023 ST,,,,
27,2,,2,2,2,,Fall 2023 ST,,,,
28,4,,4,4,1,,Fall 2023 ST,,,,
29,1,,1,1,1,,Fall 2023 ST,,,,
30,5,,5,5,5,,Fall 2023 ST,,,,
1,3,,2,3,4,,Spring 2023 ST,,,,
2,3,,3,3,3,,Spring 2023 ST,,,,
3,2,,2,2,2,,Spring 2023 ST,,,,
4,2,,2,2,2,,Spring 2023 ST,,,,
5,3,,3,3,3,,Spring 2023 ST,,,,
6,4,,4,4,4,,Spring 2023 ST,,,,
7,5,,5,5,5,,Spring 2023 ST,,,,
8,3,,3,3,3,,Spring 2023 ST,,,,
9,1,,2,1,1,,Spring 2023 ST,,,,
10,3,,5,3,2,,Spring 2023 ST,,,,
11,4,,4,1,4,,Spring 2023 ST,,,,
12,4,,4,4,4,,Spring 2023 ST,,,,
13,3,,3,3,3,,Spring 2023 ST,,,,
14,2,,2,2,2,,Spring 2023 ST,,,,
15,1,,1,5,4,,Spring 2023 ST,,,,
16,5,,5,5,5,,Spring 2023 ST,,,,
17,1,,1,1,1,,Spring 2023 ST,,,,
18,5,,5,5,5,,Spring 2023 ST,,,,
19,4,,4,4,4,,Spring 2023 ST,,,,
20,4,,4,4,4,,Spring 2023 ST,,,,
21,4,,4,4,3,,Spring 2023 ST,,,,
22,5,,5,5,4,,Spring 2023 ST,,,,
23,5,,5,5,5,,Spring 2023 ST,,,,
24,2,,2,2,2,,Spring 2023 ST,,,,
25,2,,2,2,2,,Spring 2023 ST,,,,
26,2,,2,2,2,,Spring 2023 ST,,,,
27,1,,2,2,2,,Spring 2023 ST,,,,
28,5,,1,5,3,,Spring 2023 ST,,,,
29,4,,4,4,4,,Spring 2023 ST,,,,
30,3,,3,3,3,,Spring 2023 ST,,,,